{"cameraMode":{"drawMode":0,"name":"Shaded","section":"Shading Mode"},"sceneLighting":true,"audioPlay":false,"sceneViewState":{"m_AlwaysRefresh":false,"showFog":true,"showSkybox":true,"showFlares":true,"showImageEffects":true,"showParticleSystems":true,"showVisualEffectGraphs":true,"m_FxEnabled":true},"in2DMode":false,"pivot":{"x":-0.19999980926513673,"y":4.199999809265137,"z":-1.3999998569488526},"rotation":{"x":0.37773972749710085,"y":-0.06964517384767533,"z":0.028486687690019609,"w":0.9228802919387817},"size":1.5234849452972413,"orthographic":false}